 00Z 01 Jan 2017,
 CAPE: 81.28,
Precipitable water [mm]: 17.75,
 12Z 01 Jan 2017,
 CAPE: 58.62,
Precipitable water [mm]: 15.75,
 00Z 02 Jan 2017,
 CAPE: 10.91,
Precipitable water [mm]: 12.81,
 12Z 02 Jan 2017,
 CAPE: 0.00,
Precipitable water [mm]: 10.22,
 00Z 03 Jan 2017 
 CAPE: 0.00
Precipitable water [mm]: 11.86
 12Z 03 Jan 2017 
 CAPE: 0.00
Precipitable water [mm]: 13.88
 00Z 04 Jan 2017 
 CAPE: 0.00
Precipitable water [mm]: 15.48
 12Z 04 Jan 2017 
 CAPE: 0.00
Precipitable water [mm]: 15.35
 00Z 05 Jan 2017 
 CAPE: 0.00
Precipitable water [mm]: 10.36
 12Z 05 Jan 2017 
 CAPE: 0.00
Precipitable water [mm]: 13.64
 00Z 06 Jan 2017 
 CAPE: 0.00
Precipitable water [mm]: 15.42
 12Z 06 Jan 2017 
 CAPE: 21.95
Precipitable water [mm]: 16.09
 00Z 07 Jan 2017 
 CAPE: 0.00
Precipitable water [mm]: 7.97
 12Z 07 Jan 2017 
 CAPE: 0.00
Precipitable water [mm]: 8.73
 00Z 08 Jan 2017 
 CAPE: 0.00
Precipitable water [mm]: 12.83
 12Z 08 Jan 2017 
 CAPE: 0.00
Precipitable water [mm]: 18.74
 00Z 09 Jan 2017 
 CAPE: 0.00
Precipitable water [mm]: 16.59
 12Z 09 Jan 2017 
 CAPE: 0.00
Precipitable water [mm]: 17.11
 00Z 10 Jan 2017 
 CAPE: 0.00
Precipitable water [mm]: 14.74
 12Z 10 Jan 2017 
 CAPE: 0.00
Precipitable water [mm]: 10.52
 00Z 11 Jan 2017 
 CAPE: 0.00
Precipitable water [mm]: 8.50
 12Z 11 Jan 2017 
 CAPE: 0.00
Precipitable water [mm]: 10.56
 00Z 12 Jan 2017 
 CAPE: 0.00
Precipitable water [mm]: 8.36
 12Z 12 Jan 2017 
 CAPE: 0.00
Precipitable water [mm]: 7.05
 00Z 13 Jan 2017 
 CAPE: 0.00
Precipitable water [mm]: 6.48
 12Z 13 Jan 2017 
 CAPE: 0.00
Precipitable water [mm]: 9.34
 00Z 14 Jan 2017 
 CAPE: 0.00
Precipitable water [mm]: 12.37
 12Z 14 Jan 2017 
 CAPE: 0.00
Precipitable water [mm]: 15.29
 00Z 15 Jan 2017 
 CAPE: 395.63
Precipitable water [mm]: 19.69
 12Z 15 Jan 2017 
 CAPE: 12.85
Precipitable water [mm]: 18.89
 00Z 16 Jan 2017 
 CAPE: 74.03
Precipitable water [mm]: 15.92
 12Z 16 Jan 2017 
 CAPE: 39.46
Precipitable water [mm]: 15.35
 00Z 17 Jan 2017 
 CAPE: 24.98
Precipitable water [mm]: 13.99
 12Z 17 Jan 2017 
 CAPE: 0.00
Precipitable water [mm]: 14.79
 00Z 18 Jan 2017 
 CAPE: 31.69
Precipitable water [mm]: 13.10
 12Z 18 Jan 2017 
 CAPE: 0.00
Precipitable water [mm]: 14.81
 00Z 19 Jan 2017 
 CAPE: 0.00
Precipitable water [mm]: 11.52
 12Z 19 Jan 2017 
 CAPE: 0.00
Precipitable water [mm]: 13.22
 00Z 20 Jan 2017 
 CAPE: 0.00
Precipitable water [mm]: 12.58
 12Z 20 Jan 2017 
 CAPE: 0.37
Precipitable water [mm]: 15.54
 00Z 21 Jan 2017 
 CAPE: 17.03
Precipitable water [mm]: 19.01
 12Z 21 Jan 2017 
 CAPE: 103.12
Precipitable water [mm]: 14.58
 00Z 22 Jan 2017 
 CAPE: 19.87
Precipitable water [mm]: 9.03
 12Z 22 Jan 2017 
 CAPE: 0.00
Precipitable water [mm]: 13.68
 00Z 23 Jan 2017 
 CAPE: 0.00
Precipitable water [mm]: 14.47
 12Z 23 Jan 2017 
 CAPE: 0.00
Precipitable water [mm]: 13.04
 00Z 24 Jan 2017 
 CAPE: 2.10
Precipitable water [mm]: 12.56
 12Z 24 Jan 2017 
 CAPE: 36.34
Precipitable water [mm]: 9.10
 00Z 25 Jan 2017 
 CAPE: 78.02
Precipitable water [mm]: 10.08
 12Z 25 Jan 2017 
 CAPE: 0.00
Precipitable water [mm]: 7.38
 00Z 26 Jan 2017 
 CAPE: 0.00
Precipitable water [mm]: 5.11
 12Z 26 Jan 2017 
 CAPE: 0.00
Precipitable water [mm]: 5.29
 00Z 27 Jan 2017 
 CAPE: 0.00
Precipitable water [mm]: 6.30
 12Z 27 Jan 2017 
 CAPE: 0.00
Precipitable water [mm]: 6.76
 00Z 28 Jan 2017 
 CAPE: 0.00
Precipitable water [mm]: 5.86
 12Z 28 Jan 2017 
 CAPE: 0.00
Precipitable water [mm]: 3.01
 00Z 29 Jan 2017 
 CAPE: 0.00
Precipitable water [mm]: 3.61
 12Z 29 Jan 2017 
 CAPE: 0.00
Precipitable water [mm]: 5.12
 00Z 30 Jan 2017 
 CAPE: 0.00
Precipitable water [mm]: 4.19
 12Z 30 Jan 2017 
 CAPE: 0.00
Precipitable water [mm]: 4.28
 00Z 31 Jan 2017 
 CAPE: 0.00
Precipitable water [mm]: 3.62
 12Z 31 Jan 2017 
 CAPE: 0.00
Precipitable water [mm]: 4.41
 00Z 01 Feb 2017 
 CAPE: 0.00
Precipitable water [mm]: 5.01
 12Z 01 Feb 2017 
 CAPE: 0.00
Precipitable water [mm]: 4.44
 00Z 02 Feb 2017 
 CAPE: 0.00
Precipitable water [mm]: 4.54
 12Z 02 Feb 2017 
 CAPE: 0.00
Precipitable water [mm]: 6.28
 00Z 03 Feb 2017 
 CAPE: 0.00
Precipitable water [mm]: 6.74
 12Z 03 Feb 2017 
 CAPE: 0.00
Precipitable water [mm]: 7.10
 00Z 04 Feb 2017 
 CAPE: 0.00
Precipitable water [mm]: 6.92
 12Z 04 Feb 2017 
 CAPE: 0.00
Precipitable water [mm]: 5.84
 00Z 05 Feb 2017 
 CAPE: 0.00
Precipitable water [mm]: 3.99
 12Z 05 Feb 2017 
 CAPE: 0.00
Precipitable water [mm]: 8.31
 00Z 06 Feb 2017 
 CAPE: 0.00
Precipitable water [mm]: 7.23
 12Z 06 Feb 2017 
 CAPE: 0.00
Precipitable water [mm]: 11.15
 00Z 07 Feb 2017 
 CAPE: 0.00
Precipitable water [mm]: 11.02
 12Z 07 Feb 2017 
 CAPE: 0.00
Precipitable water [mm]: 16.62
 00Z 08 Feb 2017 
 CAPE: 0.00
Precipitable water [mm]: 17.28
 12Z 08 Feb 2017 
 CAPE: 0.00
Precipitable water [mm]: 18.16
 00Z 09 Feb 2017 
 CAPE: 0.00
Precipitable water [mm]: 17.29
 12Z 09 Feb 2017 
 CAPE: 0.00
Precipitable water [mm]: 13.21
 00Z 10 Feb 2017 
 CAPE: 0.00
Precipitable water [mm]: 11.53
 12Z 10 Feb 2017 
 CAPE: 0.00
Precipitable water [mm]: 11.01
 00Z 11 Feb 2017 
 CAPE: 0.00
Precipitable water [mm]: 12.81
 12Z 11 Feb 2017 
 CAPE: 0.00
Precipitable water [mm]: 12.13
 00Z 12 Feb 2017 
 CAPE: 0.00
Precipitable water [mm]: 15.55
 12Z 12 Feb 2017 
 CAPE: 0.00
Precipitable water [mm]: 16.32
 00Z 13 Feb 2017 
 CAPE: 492.97
Precipitable water [mm]: 18.42
 12Z 13 Feb 2017 
 CAPE: 15.98
Precipitable water [mm]: 15.76
 00Z 14 Feb 2017 
 CAPE: 1.46
Precipitable water [mm]: 15.30
 12Z 14 Feb 2017 
 CAPE: 0.00
Precipitable water [mm]: 17.12
 00Z 15 Feb 2017 
 CAPE: 20.31
Precipitable water [mm]: 14.51
 12Z 15 Feb 2017 
 CAPE: 0.00
Precipitable water [mm]: 12.14
 00Z 16 Feb 2017 
 CAPE: 0.00
Precipitable water [mm]: 8.71
 12Z 16 Feb 2017 
 CAPE: 0.00
Precipitable water [mm]: 6.78
 00Z 17 Feb 2017 
 CAPE: 0.00
Precipitable water [mm]: 5.32
 12Z 17 Feb 2017 
 CAPE: 0.00
Precipitable water [mm]: 13.57
 00Z 18 Feb 2017 
 CAPE: 0.00
Precipitable water [mm]: 16.19
 12Z 18 Feb 2017 
 CAPE: 0.00
Precipitable water [mm]: 16.90
 00Z 19 Feb 2017 
 CAPE: 0.00
Precipitable water [mm]: 18.20
 12Z 19 Feb 2017 
 CAPE: 0.00
Precipitable water [mm]: 14.28
 00Z 20 Feb 2017 
 CAPE: 51.81
Precipitable water [mm]: 15.74
 12Z 20 Feb 2017 
 CAPE: 26.89
Precipitable water [mm]: 16.69
 00Z 21 Feb 2017 
 CAPE: 0.00
Precipitable water [mm]: 17.35
 12Z 21 Feb 2017 
 CAPE: 0.00
Precipitable water [mm]: 14.01
 00Z 22 Feb 2017 
 CAPE: 1.25
Precipitable water [mm]: 12.68
 12Z 22 Feb 2017 
 CAPE: 0.00
Precipitable water [mm]: 16.53
 00Z 23 Feb 2017 
 CAPE: 4.75
Precipitable water [mm]: 15.78
 12Z 23 Feb 2017 
 CAPE: 0.00
Precipitable water [mm]: 8.83
 00Z 24 Feb 2017 
 CAPE: 0.00
Precipitable water [mm]: 3.29
 12Z 24 Feb 2017 
 CAPE: 0.00
Precipitable water [mm]: 3.86
 00Z 25 Feb 2017 
 CAPE: 0.00
Precipitable water [mm]: 4.74
 12Z 25 Feb 2017 
 CAPE: 0.00
Precipitable water [mm]: 4.30
 00Z 26 Feb 2017 
 CAPE: 0.00
Precipitable water [mm]: 5.36
 12Z 26 Feb 2017 
 CAPE: 0.00
Precipitable water [mm]: 9.88
 00Z 27 Feb 2017 
 CAPE: 0.00
Precipitable water [mm]: 8.39
 12Z 27 Feb 2017 
 CAPE: 0.00
Precipitable water [mm]: 8.45
 00Z 28 Feb 2017 
 CAPE: 39.99
Precipitable water [mm]: 18.68
 12Z 28 Feb 2017 
 CAPE: 0.00
Precipitable water [mm]: 7.39
 00Z 01 Mar 2017 
 CAPE: 36.47
Precipitable water [mm]: 11.56
 12Z 01 Mar 2017 
 CAPE: 0.00
Precipitable water [mm]: 9.96
 00Z 02 Mar 2017 
 CAPE: 0.00
Precipitable water [mm]: 6.78
 12Z 02 Mar 2017 
 CAPE: 0.00
Precipitable water [mm]: 5.87
 00Z 03 Mar 2017 
 CAPE: 0.00
Precipitable water [mm]: 4.86
 12Z 03 Mar 2017 
 CAPE: 0.00
Precipitable water [mm]: 5.00
 00Z 04 Mar 2017 
 CAPE: 0.00
Precipitable water [mm]: 12.01
 12Z 04 Mar 2017 
 CAPE: 0.00
Precipitable water [mm]: 13.17
 00Z 05 Mar 2017 
 CAPE: 0.00
Precipitable water [mm]: 11.36
 12Z 05 Mar 2017 
 CAPE: 0.00
Precipitable water [mm]: 13.60
 00Z 06 Mar 2017 
 CAPE: 198.07
Precipitable water [mm]: 19.31
 12Z 06 Mar 2017 
 CAPE: 0.00
Precipitable water [mm]: 8.52
 00Z 07 Mar 2017 
 CAPE: 0.00
Precipitable water [mm]: 7.73
 12Z 07 Mar 2017 
 CAPE: 0.00
Precipitable water [mm]: 6.77
 00Z 08 Mar 2017 
 CAPE: 0.00
Precipitable water [mm]: 7.06
 12Z 08 Mar 2017 
 CAPE: 0.00
Precipitable water [mm]: 8.93
 00Z 09 Mar 2017 
 CAPE: 0.00
Precipitable water [mm]: 8.57
 12Z 09 Mar 2017 
 CAPE: 0.00
Precipitable water [mm]: 8.11
 00Z 10 Mar 2017 
 CAPE: 0.00
Precipitable water [mm]: 7.02
 12Z 10 Mar 2017 
 CAPE: 0.00
Precipitable water [mm]: 8.73
 00Z 11 Mar 2017 
 CAPE: 0.00
Precipitable water [mm]: 9.48
 12Z 11 Mar 2017 
 CAPE: 0.00
Precipitable water [mm]: 11.82
 00Z 12 Mar 2017 
 CAPE: 0.00
Precipitable water [mm]: 9.42
 12Z 12 Mar 2017 
 CAPE: 0.00
Precipitable water [mm]: 6.78
 00Z 13 Mar 2017 
 CAPE: 0.00
Precipitable water [mm]: 6.27
 12Z 13 Mar 2017 
 CAPE: 0.00
Precipitable water [mm]: 10.04
 00Z 14 Mar 2017 
 CAPE: 0.00
Precipitable water [mm]: 10.30
 12Z 14 Mar 2017 
 CAPE: 0.00
Precipitable water [mm]: 9.13
 00Z 15 Mar 2017 
 CAPE: 0.00
Precipitable water [mm]: 7.19
 12Z 15 Mar 2017 
 CAPE: 0.00
Precipitable water [mm]: 7.06
 00Z 16 Mar 2017 
 CAPE: 0.00
Precipitable water [mm]: 8.25
 12Z 16 Mar 2017 
 CAPE: 0.00
Precipitable water [mm]: 13.26
 00Z 17 Mar 2017 
 CAPE: 0.00
Precipitable water [mm]: 11.52
 12Z 17 Mar 2017 
 CAPE: 0.00
Precipitable water [mm]: 11.35
 00Z 18 Mar 2017 
 CAPE: 0.00
Precipitable water [mm]: 8.81
 12Z 18 Mar 2017 
 CAPE: 0.00
Precipitable water [mm]: 11.34
 00Z 19 Mar 2017 
 CAPE: 0.00
Precipitable water [mm]: 10.51
 12Z 19 Mar 2017 
 CAPE: 0.00
Precipitable water [mm]: 11.09
 00Z 20 Mar 2017 
 CAPE: 0.00
Precipitable water [mm]: 13.26
 12Z 20 Mar 2017 
 CAPE: 0.00
Precipitable water [mm]: 13.55
 12Z 21 Mar 2017 
 CAPE: 0.00
Precipitable water [mm]: 14.30
 12Z 22 Mar 2017 
 CAPE: 0.00
Precipitable water [mm]: 10.92
 00Z 23 Mar 2017 
 CAPE: 0.00
Precipitable water [mm]: 11.73
 12Z 23 Mar 2017 
 CAPE: 76.84
Precipitable water [mm]: 14.25
 00Z 24 Mar 2017 
 CAPE: 30.41
Precipitable water [mm]: 8.11
 12Z 24 Mar 2017 
 CAPE: 0.00
Precipitable water [mm]: 8.61
 00Z 25 Mar 2017 
 CAPE: 0.00
Precipitable water [mm]: 6.96
 12Z 25 Mar 2017 
 CAPE: 0.00
Precipitable water [mm]: 5.67
 00Z 26 Mar 2017 
 CAPE: 0.00
Precipitable water [mm]: 10.04
 12Z 26 Mar 2017 
 CAPE: 0.00
Precipitable water [mm]: 10.83
 00Z 27 Mar 2017 
 CAPE: 0.00
Precipitable water [mm]: 10.02
 12Z 27 Mar 2017 
 CAPE: 0.00
Precipitable water [mm]: 14.89
 00Z 28 Mar 2017 
 CAPE: 0.00
Precipitable water [mm]: 11.91
 12Z 28 Mar 2017 
 CAPE: 21.14
Precipitable water [mm]: 15.62
 00Z 29 Mar 2017 
 CAPE: 0.00
Precipitable water [mm]: 9.85
 12Z 29 Mar 2017 
 CAPE: 0.00
Precipitable water [mm]: 9.56
 00Z 30 Mar 2017 
 CAPE: 0.00
Precipitable water [mm]: 7.78
 12Z 30 Mar 2017 
 CAPE: 0.00
Precipitable water [mm]: 9.95
 00Z 31 Mar 2017 
 CAPE: 0.00
Precipitable water [mm]: 7.79
 12Z 31 Mar 2017 
 CAPE: 0.00
Precipitable water [mm]: 11.76
 00Z 01 Apr 2017 
 CAPE: 0.00
Precipitable water [mm]: 8.39
 12Z 01 Apr 2017 
 CAPE: 0.00
Precipitable water [mm]: 10.43
 00Z 02 Apr 2017 
 CAPE: 0.00
Precipitable water [mm]: 13.54
 12Z 02 Apr 2017 
 CAPE: 0.00
Precipitable water [mm]: 8.80
 00Z 03 Apr 2017 
 CAPE: 0.00
Precipitable water [mm]: 9.73
 12Z 03 Apr 2017 
 CAPE: 0.00
Precipitable water [mm]: 10.51
 00Z 04 Apr 2017 
 CAPE: 0.00
Precipitable water [mm]: 12.00
 12Z 04 Apr 2017 
 CAPE: 0.00
Precipitable water [mm]: 11.80
 00Z 05 Apr 2017 
 CAPE: 0.00
Precipitable water [mm]: 7.79
 12Z 05 Apr 2017 
 CAPE: 0.00
Precipitable water [mm]: 8.64
 00Z 06 Apr 2017 
 CAPE: 0.00
Precipitable water [mm]: 9.34
 12Z 06 Apr 2017 
 CAPE: 0.00
Precipitable water [mm]: 9.31
 00Z 07 Apr 2017 
 CAPE: 0.00
Precipitable water [mm]: 8.78
 12Z 07 Apr 2017 
 CAPE: 0.00
Precipitable water [mm]: 9.30
 00Z 08 Apr 2017 
 CAPE: 0.00
Precipitable water [mm]: 8.76
 12Z 08 Apr 2017 
 CAPE: 0.00
Precipitable water [mm]: 8.54
 00Z 09 Apr 2017 
 CAPE: 0.00
Precipitable water [mm]: 8.53
 12Z 09 Apr 2017 
 CAPE: 0.00
Precipitable water [mm]: 12.23
 00Z 10 Apr 2017 
 CAPE: 0.00
Precipitable water [mm]: 6.93
 12Z 10 Apr 2017 
 CAPE: 0.00
Precipitable water [mm]: 5.82
 00Z 11 Apr 2017 
 CAPE: 0.00
Precipitable water [mm]: 7.00
 12Z 11 Apr 2017 
 CAPE: 0.00
Precipitable water [mm]: 5.03
 00Z 12 Apr 2017 
 CAPE: 0.00
Precipitable water [mm]: 5.32
 12Z 12 Apr 2017 
 CAPE: 0.00
Precipitable water [mm]: 7.38
 00Z 13 Apr 2017 
 CAPE: 0.00
Precipitable water [mm]: 6.13
 12Z 13 Apr 2017 
 CAPE: 0.00
Precipitable water [mm]: 7.13
 00Z 14 Apr 2017 
 CAPE: 0.00
Precipitable water [mm]: 7.31
 12Z 14 Apr 2017 
 CAPE: 0.00
Precipitable water [mm]: 8.09
 00Z 15 Apr 2017 
 CAPE: 0.00
Precipitable water [mm]: 6.01
 12Z 15 Apr 2017 
 CAPE: 0.00
Precipitable water [mm]: 7.23
 00Z 16 Apr 2017 
 CAPE: 0.00
Precipitable water [mm]: 6.68
 12Z 16 Apr 2017 
 CAPE: 0.00
Precipitable water [mm]: 6.60
 00Z 17 Apr 2017 
 CAPE: 0.00
Precipitable water [mm]: 6.76
 12Z 17 Apr 2017 
 CAPE: 0.00
Precipitable water [mm]: 8.42
 00Z 18 Apr 2017 
 CAPE: 0.00
Precipitable water [mm]: 9.68
 12Z 18 Apr 2017 
 CAPE: 0.00
Precipitable water [mm]: 9.48
 00Z 19 Apr 2017 
 CAPE: 0.00
Precipitable water [mm]: 10.95
 12Z 19 Apr 2017 
 CAPE: 0.00
Precipitable water [mm]: 11.14
 00Z 20 Apr 2017 
 CAPE: 0.00
Precipitable water [mm]: 9.83
 12Z 20 Apr 2017 
 CAPE: 0.00
Precipitable water [mm]: 7.31
 00Z 21 Apr 2017 
 CAPE: 0.00
Precipitable water [mm]: 5.16
 12Z 21 Apr 2017 
 CAPE: 0.00
Precipitable water [mm]: 4.55
 00Z 22 Apr 2017 
 CAPE: 0.00
Precipitable water [mm]: 4.69
 12Z 22 Apr 2017 
 CAPE: 0.00
Precipitable water [mm]: 7.05
 00Z 23 Apr 2017 
 CAPE: 0.00
Precipitable water [mm]: 5.74
 12Z 23 Apr 2017 
 CAPE: 0.00
Precipitable water [mm]: 6.60
 00Z 24 Apr 2017 
 CAPE: 0.00
Precipitable water [mm]: 7.86
 12Z 24 Apr 2017 
 CAPE: 0.00
Precipitable water [mm]: 7.06
 00Z 25 Apr 2017 
 CAPE: 0.00
Precipitable water [mm]: 10.38
 12Z 25 Apr 2017 
 CAPE: 0.00
Precipitable water [mm]: 16.42
 00Z 26 Apr 2017 
 CAPE: 0.00
Precipitable water [mm]: 16.73
 12Z 26 Apr 2017 
 CAPE: 0.00
Precipitable water [mm]: 9.30
 00Z 27 Apr 2017 
 CAPE: 0.00
Precipitable water [mm]: 12.84
 12Z 27 Apr 2017 
 CAPE: 0.00
Precipitable water [mm]: 16.01
 00Z 28 Apr 2017 
 CAPE: 0.00
Precipitable water [mm]: 14.55
 12Z 28 Apr 2017 
 CAPE: 0.00
Precipitable water [mm]: 18.12
 00Z 29 Apr 2017 
 CAPE: 124.98
Precipitable water [mm]: 20.41
 12Z 29 Apr 2017 
 CAPE: 0.00
Precipitable water [mm]: 5.24
 00Z 30 Apr 2017 
 CAPE: 0.00
Precipitable water [mm]: 5.04
 12Z 30 Apr 2017 
 CAPE: 0.00
Precipitable water [mm]: 7.27
 00Z 01 May 2017 
 CAPE: 0.00
Precipitable water [mm]: 6.60
 12Z 01 May 2017 
 CAPE: 0.00
Precipitable water [mm]: 6.55
 00Z 02 May 2017 
 CAPE: 0.00
Precipitable water [mm]: 5.82
 12Z 02 May 2017 
 CAPE: 0.00
Precipitable water [mm]: 7.83
 00Z 03 May 2017 
 CAPE: 0.00
Precipitable water [mm]: 8.30
 12Z 03 May 2017 
 CAPE: 0.00
Precipitable water [mm]: 12.05
 00Z 04 May 2017 
 CAPE: 0.00
Precipitable water [mm]: 11.49
 12Z 04 May 2017 
 CAPE: 0.00
Precipitable water [mm]: 11.68
 00Z 05 May 2017 
 CAPE: 0.00
Precipitable water [mm]: 10.91
 12Z 05 May 2017 
 CAPE: 0.00
Precipitable water [mm]: 11.28
 00Z 06 May 2017 
 CAPE: 30.07
Precipitable water [mm]: 17.42
 12Z 06 May 2017 
 CAPE: 0.00
Precipitable water [mm]: 15.17
 00Z 07 May 2017 
 CAPE: 0.00
Precipitable water [mm]: 11.37
 12Z 07 May 2017 
 CAPE: 0.00
Precipitable water [mm]: 13.85
 00Z 08 May 2017 
 CAPE: 0.01
Precipitable water [mm]: 18.45
 12Z 08 May 2017 
 CAPE: 0.00
Precipitable water [mm]: 13.85
 00Z 09 May 2017 
 CAPE: 89.33
Precipitable water [mm]: 17.30
 12Z 09 May 2017 
 CAPE: 188.05
Precipitable water [mm]: 14.61
 00Z 10 May 2017 
 CAPE: 38.89
Precipitable water [mm]: 17.53
 12Z 10 May 2017 
 CAPE: 0.00
Precipitable water [mm]: 16.23
 00Z 11 May 2017 
 CAPE: 0.00
Precipitable water [mm]: 15.22
 12Z 11 May 2017 
 CAPE: 0.00
Precipitable water [mm]: 15.51
 00Z 12 May 2017 
 CAPE: 0.00
Precipitable water [mm]: 16.07
 12Z 12 May 2017 
 CAPE: 0.00
Precipitable water [mm]: 15.99
 00Z 13 May 2017 
 CAPE: 0.00
Precipitable water [mm]: 11.63
 12Z 13 May 2017 
 CAPE: 0.00
Precipitable water [mm]: 11.62
 00Z 14 May 2017 
 CAPE: 0.00
Precipitable water [mm]: 10.33
 12Z 14 May 2017 
 CAPE: 0.00
Precipitable water [mm]: 9.23
 00Z 15 May 2017 
 CAPE: 0.00
Precipitable water [mm]: 10.17
 12Z 15 May 2017 
 CAPE: 0.00
Precipitable water [mm]: 7.27
 00Z 16 May 2017 
 CAPE: 0.00
Precipitable water [mm]: 9.01
 12Z 16 May 2017 
 CAPE: 0.00
Precipitable water [mm]: 15.12
 00Z 17 May 2017 
 CAPE: 24.84
Precipitable water [mm]: 10.98
 12Z 17 May 2017 
 CAPE: 0.00
Precipitable water [mm]: 11.77
 00Z 18 May 2017 
 CAPE: 0.00
Precipitable water [mm]: 13.56
 12Z 18 May 2017 
 CAPE: 0.00
Precipitable water [mm]: 13.94
 00Z 19 May 2017 
 CAPE: 0.00
Precipitable water [mm]: 14.50
 12Z 19 May 2017 
 CAPE: 0.00
Precipitable water [mm]: 6.86
 00Z 20 May 2017 
 CAPE: 0.00
Precipitable water [mm]: 5.85
 12Z 20 May 2017 
 CAPE: 0.00
Precipitable water [mm]: 6.96
 00Z 21 May 2017 
 CAPE: 0.00
Precipitable water [mm]: 5.60
 12Z 21 May 2017 
 CAPE: 0.00
Precipitable water [mm]: 8.58
 00Z 22 May 2017 
 CAPE: 0.00
Precipitable water [mm]: 8.32
 12Z 22 May 2017 
 CAPE: 0.00
Precipitable water [mm]: 9.78
 00Z 23 May 2017 
 CAPE: 0.00
Precipitable water [mm]: 9.18
 12Z 23 May 2017 
 CAPE: 0.00
Precipitable water [mm]: 12.34
 00Z 24 May 2017 
 CAPE: 0.00
Precipitable water [mm]: 9.17
 12Z 24 May 2017 
 CAPE: 0.00
Precipitable water [mm]: 9.49
 00Z 25 May 2017 
 CAPE: 0.00
Precipitable water [mm]: 10.91
 12Z 25 May 2017 
 CAPE: 0.00
Precipitable water [mm]: 10.42
 00Z 26 May 2017 
 CAPE: 0.00
Precipitable water [mm]: 8.49
 12Z 26 May 2017 
 CAPE: 0.00
Precipitable water [mm]: 11.45
 00Z 27 May 2017 
 CAPE: 0.00
Precipitable water [mm]: 7.59
 12Z 27 May 2017 
 CAPE: 0.00
Precipitable water [mm]: 6.40
 00Z 28 May 2017 
 CAPE: 0.00
Precipitable water [mm]: 6.58
 12Z 28 May 2017 
 CAPE: 0.00
Precipitable water [mm]: 6.67
 00Z 29 May 2017 
 CAPE: 0.00
Precipitable water [mm]: 5.75
 12Z 29 May 2017 
 CAPE: 0.00
Precipitable water [mm]: 8.12
 00Z 30 May 2017 
 CAPE: 0.00
Precipitable water [mm]: 8.20
 12Z 30 May 2017 
 CAPE: 0.00
Precipitable water [mm]: 15.18
 00Z 31 May 2017 
 CAPE: 0.00
Precipitable water [mm]: 15.68
 12Z 31 May 2017 
 CAPE: 0.00
Precipitable water [mm]: 18.22
 00Z 01 Jun 2017 
 CAPE: 15.98
Precipitable water [mm]: 16.06
 12Z 01 Jun 2017 
 CAPE: 0.00
Precipitable water [mm]: 14.39
 00Z 02 Jun 2017 
 CAPE: 0.00
Precipitable water [mm]: 14.07
 12Z 02 Jun 2017 
 CAPE: 0.00
Precipitable water [mm]: 14.17
 00Z 03 Jun 2017 
 CAPE: 0.00
Precipitable water [mm]: 14.63
 12Z 03 Jun 2017 
 CAPE: 0.00
Precipitable water [mm]: 19.13
 00Z 04 Jun 2017 
 CAPE: 0.00
Precipitable water [mm]: 17.58
 12Z 04 Jun 2017 
 CAPE: 0.00
Precipitable water [mm]: 19.60
 00Z 05 Jun 2017 
 CAPE: 0.00
Precipitable water [mm]: 17.72
 12Z 05 Jun 2017 
 CAPE: 0.00
Precipitable water [mm]: 18.98
 00Z 06 Jun 2017 
 CAPE: 0.00
Precipitable water [mm]: 17.68
 12Z 06 Jun 2017 
 CAPE: 0.00
Precipitable water [mm]: 21.79
 00Z 07 Jun 2017 
 CAPE: 7.45
Precipitable water [mm]: 20.27
 12Z 07 Jun 2017 
 CAPE: 0.00
Precipitable water [mm]: 23.12
 00Z 08 Jun 2017 
 CAPE: 167.53
Precipitable water [mm]: 25.03
 12Z 08 Jun 2017 
 CAPE: 1.53
Precipitable water [mm]: 23.84
 00Z 09 Jun 2017 
 CAPE: 0.00
Precipitable water [mm]: 15.36
 12Z 09 Jun 2017 
 CAPE: 0.00
Precipitable water [mm]: 17.78
 00Z 10 Jun 2017 
 CAPE: 0.00
Precipitable water [mm]: 17.51
 12Z 10 Jun 2017 
 CAPE: 0.00
Precipitable water [mm]: 11.72
 00Z 11 Jun 2017 
 CAPE: 0.00
Precipitable water [mm]: 6.67
 12Z 11 Jun 2017 
 CAPE: 0.00
Precipitable water [mm]: 5.18
 00Z 12 Jun 2017 
 CAPE: 0.00
Precipitable water [mm]: 9.96
 12Z 12 Jun 2017 
 CAPE: 0.00
Precipitable water [mm]: 8.63
 00Z 13 Jun 2017 
 CAPE: 0.00
Precipitable water [mm]: 10.56
 12Z 13 Jun 2017 
 CAPE: 0.00
Precipitable water [mm]: 6.56
 00Z 14 Jun 2017 
 CAPE: 0.00
Precipitable water [mm]: 4.78
 12Z 14 Jun 2017 
 CAPE: 0.00
Precipitable water [mm]: 4.45
 00Z 15 Jun 2017 
 CAPE: 0.00
Precipitable water [mm]: 3.58
 12Z 15 Jun 2017 
 CAPE: 0.00
Precipitable water [mm]: 4.23
 00Z 16 Jun 2017 
 CAPE: 0.00
Precipitable water [mm]: 4.23
 12Z 16 Jun 2017 
 CAPE: 0.00
Precipitable water [mm]: 6.29
 00Z 17 Jun 2017 
 CAPE: 0.00
Precipitable water [mm]: 5.21
 12Z 17 Jun 2017 
 CAPE: 0.00
Precipitable water [mm]: 6.99
 00Z 18 Jun 2017 
 CAPE: 0.00
Precipitable water [mm]: 6.87
 12Z 18 Jun 2017 
 CAPE: 0.00
Precipitable water [mm]: 10.76
 00Z 19 Jun 2017 
 CAPE: 0.00
Precipitable water [mm]: 10.29
 12Z 19 Jun 2017 
 CAPE: 0.00
Precipitable water [mm]: 13.93
 00Z 20 Jun 2017 
 CAPE: 0.00
Precipitable water [mm]: 15.78
 12Z 20 Jun 2017 
 CAPE: 0.00
Precipitable water [mm]: 25.65
 00Z 21 Jun 2017 
 CAPE: 42.67
Precipitable water [mm]: 23.85
 12Z 21 Jun 2017 
 CAPE: 0.00
Precipitable water [mm]: 25.58
 00Z 22 Jun 2017 
 CAPE: 65.21
Precipitable water [mm]: 24.82
 12Z 22 Jun 2017 
 CAPE: 144.06
Precipitable water [mm]: 28.29
 00Z 23 Jun 2017 
 CAPE: 32.47
Precipitable water [mm]: 23.54
 12Z 23 Jun 2017 
 CAPE: 862.15
Precipitable water [mm]: 29.38
 00Z 24 Jun 2017 
 CAPE: 0.00
Precipitable water [mm]: 16.86
 12Z 24 Jun 2017 
 CAPE: 0.00
Precipitable water [mm]: 22.45
 00Z 25 Jun 2017 
 CAPE: 0.00
Precipitable water [mm]: 20.52
 12Z 25 Jun 2017 
 CAPE: 394.65
Precipitable water [mm]: 28.37
 00Z 26 Jun 2017 
 CAPE: 55.78
Precipitable water [mm]: 25.00
 12Z 26 Jun 2017 
 CAPE: 126.00
Precipitable water [mm]: 29.85
 00Z 27 Jun 2017 
 CAPE: 55.68
Precipitable water [mm]: 24.84
 12Z 27 Jun 2017 
 CAPE: 223.76
Precipitable water [mm]: 23.19
 00Z 28 Jun 2017 
 CAPE: 0.00
Precipitable water [mm]: 15.57
 12Z 28 Jun 2017 
 CAPE: 0.00
Precipitable water [mm]: 15.77
 00Z 29 Jun 2017 
 CAPE: 0.00
Precipitable water [mm]: 18.00
 12Z 29 Jun 2017 
 CAPE: 0.00
Precipitable water [mm]: 11.65
 00Z 30 Jun 2017 
 CAPE: 0.00
Precipitable water [mm]: 17.70
 12Z 30 Jun 2017 
 CAPE: 0.00
Precipitable water [mm]: 6.51
 00Z 01 Jul 2017 
 CAPE: 0.00
Precipitable water [mm]: 8.40
 12Z 01 Jul 2017 
 CAPE: 0.00
Precipitable water [mm]: 12.41
 00Z 02 Jul 2017 
 CAPE: 0.00
Precipitable water [mm]: 15.89
 12Z 02 Jul 2017 
 CAPE: 0.00
Precipitable water [mm]: 21.28
 00Z 03 Jul 2017 
 CAPE: 1.42
Precipitable water [mm]: 25.15
 12Z 03 Jul 2017 
 CAPE: 97.62
Precipitable water [mm]: 29.80
 00Z 04 Jul 2017 
 CAPE: 479.10
Precipitable water [mm]: 29.64
 12Z 04 Jul 2017 
 CAPE: 235.12
Precipitable water [mm]: 30.05
 00Z 05 Jul 2017 
 CAPE: 6.18
Precipitable water [mm]: 25.25
 12Z 05 Jul 2017 
 CAPE: 208.70
Precipitable water [mm]: 29.78
 00Z 06 Jul 2017 
 CAPE: 81.85
Precipitable water [mm]: 22.22
 12Z 06 Jul 2017 
 CAPE: 243.29
Precipitable water [mm]: 30.93
 00Z 07 Jul 2017 
 CAPE: 314.60
Precipitable water [mm]: 24.91
 12Z 07 Jul 2017 
 CAPE: 20.11
Precipitable water [mm]: 25.13
 00Z 08 Jul 2017 
 CAPE: 0.00
Precipitable water [mm]: 17.87
 12Z 08 Jul 2017 
 CAPE: 292.61
Precipitable water [mm]: 30.98
 00Z 09 Jul 2017 
 CAPE: 0.00
Precipitable water [mm]: 20.85
 12Z 09 Jul 2017 
 CAPE: 533.79
Precipitable water [mm]: 37.26
 18Z 09 Jul 2017 
 CAPE: 549.14
Precipitable water [mm]: 35.50
 00Z 10 Jul 2017 
 CAPE: 677.26
Precipitable water [mm]: 38.32
 12Z 10 Jul 2017 
 CAPE: 240.83
Precipitable water [mm]: 40.37
 00Z 11 Jul 2017 
 CAPE: 389.10
Precipitable water [mm]: 35.84
 12Z 11 Jul 2017 
 CAPE: 92.63
Precipitable water [mm]: 38.08
 18Z 11 Jul 2017 
 CAPE: 244.73
Precipitable water [mm]: 41.33
 00Z 12 Jul 2017 
 CAPE: 407.28
Precipitable water [mm]: 41.84
 12Z 12 Jul 2017 
 CAPE: 921.28
Precipitable water [mm]: 45.15
 00Z 13 Jul 2017 
 CAPE: 352.35
Precipitable water [mm]: 38.07
 12Z 13 Jul 2017 
 CAPE: 857.00
Precipitable water [mm]: 41.05
 00Z 14 Jul 2017 
 CAPE: 728.17
Precipitable water [mm]: 38.36
 12Z 14 Jul 2017 
 CAPE: 141.30
Precipitable water [mm]: 43.14
 18Z 14 Jul 2017 
 CAPE: 326.97
Precipitable water [mm]: 38.47
 00Z 15 Jul 2017 
 CAPE: 566.73
Precipitable water [mm]: 38.24
 12Z 15 Jul 2017 
 CAPE: 995.81
Precipitable water [mm]: 45.19
 00Z 16 Jul 2017 
 CAPE: 435.86
Precipitable water [mm]: 38.88
 12Z 16 Jul 2017 
 CAPE: 279.99
Precipitable water [mm]: 41.80
 00Z 17 Jul 2017 
 CAPE: 797.87
Precipitable water [mm]: 45.08
 12Z 17 Jul 2017 
 CAPE: 470.20
Precipitable water [mm]: 46.69
 00Z 18 Jul 2017 
 CAPE: 872.75
Precipitable water [mm]: 48.76
 12Z 18 Jul 2017 
 CAPE: 797.75
Precipitable water [mm]: 48.56
 00Z 19 Jul 2017 
 CAPE: 821.61
Precipitable water [mm]: 45.13
 12Z 19 Jul 2017 
 CAPE: 27.83
Precipitable water [mm]: 45.75
 00Z 20 Jul 2017 
 CAPE: 711.89
Precipitable water [mm]: 45.01
 12Z 20 Jul 2017 
 CAPE: 303.33
Precipitable water [mm]: 44.54
 00Z 21 Jul 2017 
 CAPE: 660.98
Precipitable water [mm]: 42.08
 12Z 21 Jul 2017 
 CAPE: 715.60
Precipitable water [mm]: 47.15
 00Z 22 Jul 2017 
 CAPE: 406.72
Precipitable water [mm]: 41.25
 12Z 22 Jul 2017 
 CAPE: 1251.45
Precipitable water [mm]: 47.21
 00Z 23 Jul 2017 
 CAPE: 222.40
Precipitable water [mm]: 43.10
 12Z 23 Jul 2017 
 CAPE: 574.41
Precipitable water [mm]: 50.32
 00Z 24 Jul 2017 
 CAPE: 918.55
Precipitable water [mm]: 53.49
 12Z 24 Jul 2017 
 CAPE: 815.58
Precipitable water [mm]: 51.19
 00Z 25 Jul 2017 
 CAPE: 496.95
Precipitable water [mm]: 48.80
 12Z 25 Jul 2017 
 CAPE: 1199.90
Precipitable water [mm]: 46.33
 00Z 26 Jul 2017 
 CAPE: 601.83
Precipitable water [mm]: 42.40
 12Z 26 Jul 2017 
 CAPE: 138.42
Precipitable water [mm]: 40.32
 00Z 27 Jul 2017 
 CAPE: 766.35
Precipitable water [mm]: 36.45
 12Z 27 Jul 2017 
 CAPE: 624.73
Precipitable water [mm]: 41.65
 00Z 28 Jul 2017 
 CAPE: 236.80
Precipitable water [mm]: 41.06
 12Z 28 Jul 2017 
 CAPE: 351.39
Precipitable water [mm]: 44.03
 00Z 29 Jul 2017 
 CAPE: 412.63
Precipitable water [mm]: 45.06
 12Z 29 Jul 2017 
 CAPE: 217.24
Precipitable water [mm]: 44.51
 00Z 30 Jul 2017 
 CAPE: 1400.67
Precipitable water [mm]: 48.44
 12Z 30 Jul 2017 
 CAPE: 1952.00
Precipitable water [mm]: 52.04
 00Z 31 Jul 2017 
 CAPE: 1771.55
Precipitable water [mm]: 48.13
 12Z 31 Jul 2017 
 CAPE: 817.82
Precipitable water [mm]: 42.15
 00Z 01 Aug 2017 
 CAPE: 257.98
Precipitable water [mm]: 38.31
 12Z 01 Aug 2017 
 CAPE: 50.02
Precipitable water [mm]: 43.48
 18Z 01 Aug 2017 
 CAPE: 112.43
Precipitable water [mm]: 44.03
 00Z 02 Aug 2017 
 CAPE: 178.42
Precipitable water [mm]: 44.27
 12Z 02 Aug 2017 
 CAPE: 464.26
Precipitable water [mm]: 47.69
 00Z 03 Aug 2017 
 CAPE: 613.86
Precipitable water [mm]: 49.79
 12Z 03 Aug 2017 
 CAPE: 1353.20
Precipitable water [mm]: 47.99
 00Z 04 Aug 2017 
 CAPE: 224.98
Precipitable water [mm]: 41.57
 12Z 04 Aug 2017 
 CAPE: 833.28
Precipitable water [mm]: 43.38
 00Z 05 Aug 2017 
 CAPE: 237.37
Precipitable water [mm]: 33.98
 12Z 05 Aug 2017 
 CAPE: 775.73
Precipitable water [mm]: 36.60
 00Z 06 Aug 2017 
 CAPE: 24.88
Precipitable water [mm]: 26.01
 12Z 06 Aug 2017 
 CAPE: 22.45
Precipitable water [mm]: 24.95
 00Z 07 Aug 2017 
 CAPE: 0.00
Precipitable water [mm]: 18.31
 12Z 07 Aug 2017 
 CAPE: 0.00
Precipitable water [mm]: 21.65
 00Z 08 Aug 2017 
 CAPE: 0.00
Precipitable water [mm]: 21.26
 12Z 08 Aug 2017 
 CAPE: 0.00
Precipitable water [mm]: 20.82
 00Z 09 Aug 2017 
 CAPE: 0.00
Precipitable water [mm]: 27.45
 12Z 09 Aug 2017 
 CAPE: 0.00
Precipitable water [mm]: 29.69
 00Z 10 Aug 2017 
 CAPE: 76.48
Precipitable water [mm]: 32.44
 12Z 10 Aug 2017 
 CAPE: 134.81
Precipitable water [mm]: 40.49
 18Z 10 Aug 2017 
 CAPE: 484.15
Precipitable water [mm]: 38.30
 00Z 11 Aug 2017 
 CAPE: 252.04
Precipitable water [mm]: 43.98
 12Z 11 Aug 2017 
 CAPE: 131.89
Precipitable water [mm]: 39.90
 00Z 12 Aug 2017 
 CAPE: 515.12
Precipitable water [mm]: 36.18
 12Z 12 Aug 2017 
 CAPE: 1002.60
Precipitable water [mm]: 44.95
 00Z 13 Aug 2017 
 CAPE: 420.45
Precipitable water [mm]: 35.91
 18Z 13 Aug 2017 
 CAPE: 414.25
Precipitable water [mm]: 35.75
 00Z 14 Aug 2017 
 CAPE: 256.68
Precipitable water [mm]: 37.81
 12Z 14 Aug 2017 
 CAPE: 700.50
Precipitable water [mm]: 41.90
 00Z 15 Aug 2017 
 CAPE: 217.29
Precipitable water [mm]: 29.65
 12Z 15 Aug 2017 
 CAPE: 437.92
Precipitable water [mm]: 28.99
 00Z 16 Aug 2017 
 CAPE: 18.92
Precipitable water [mm]: 23.56
 12Z 16 Aug 2017 
 CAPE: 0.00
Precipitable water [mm]: 15.79
 00Z 17 Aug 2017 
 CAPE: 0.00
Precipitable water [mm]: 21.26
 12Z 17 Aug 2017 
 CAPE: 0.00
Precipitable water [mm]: 19.76
 00Z 18 Aug 2017 
 CAPE: 0.00
Precipitable water [mm]: 13.67
 12Z 18 Aug 2017 
 CAPE: 0.00
Precipitable water [mm]: 16.27
 00Z 19 Aug 2017 
 CAPE: 0.00
Precipitable water [mm]: 19.87
 18Z 19 Aug 2017 
 CAPE: 0.59
Precipitable water [mm]: 26.83
 00Z 20 Aug 2017 
 CAPE: 6.60
Precipitable water [mm]: 28.00
 12Z 20 Aug 2017 
 CAPE: 60.48
Precipitable water [mm]: 34.51
 00Z 21 Aug 2017 
 CAPE: 59.05
Precipitable water [mm]: 31.49
 12Z 21 Aug 2017 
 CAPE: 109.26
Precipitable water [mm]: 33.56
 00Z 22 Aug 2017 
 CAPE: 18.45
Precipitable water [mm]: 27.00
 12Z 22 Aug 2017 
 CAPE: 11.43
Precipitable water [mm]: 32.15
 00Z 23 Aug 2017 
 CAPE: 290.34
Precipitable water [mm]: 30.87
 12Z 23 Aug 2017 
 CAPE: 902.96
Precipitable water [mm]: 37.72
 00Z 24 Aug 2017 
 CAPE: 284.92
Precipitable water [mm]: 38.94
 12Z 24 Aug 2017 
 CAPE: 4.67
Precipitable water [mm]: 30.31
 00Z 25 Aug 2017 
 CAPE: 99.31
Precipitable water [mm]: 24.44
 12Z 25 Aug 2017 
 CAPE: 78.65
Precipitable water [mm]: 28.15
 00Z 26 Aug 2017 
 CAPE: 19.96
Precipitable water [mm]: 28.95
 12Z 26 Aug 2017 
 CAPE: 128.69
Precipitable water [mm]: 34.32
 00Z 27 Aug 2017 
 CAPE: 93.65
Precipitable water [mm]: 31.18
 12Z 27 Aug 2017 
 CAPE: 67.77
Precipitable water [mm]: 35.68
 00Z 28 Aug 2017 
 CAPE: 0.00
Precipitable water [mm]: 22.50
 12Z 28 Aug 2017 
 CAPE: 51.18
Precipitable water [mm]: 25.79
 00Z 29 Aug 2017 
 CAPE: 21.79
Precipitable water [mm]: 25.39
 12Z 29 Aug 2017 
 CAPE: 21.23
Precipitable water [mm]: 29.98
 00Z 30 Aug 2017 
 CAPE: 42.89
Precipitable water [mm]: 25.50
 12Z 30 Aug 2017 
 CAPE: 0.00
Precipitable water [mm]: 32.43
 00Z 31 Aug 2017 
 CAPE: 0.00
Precipitable water [mm]: 19.62
 12Z 31 Aug 2017 
 CAPE: 0.00
Precipitable water [mm]: 12.27
 00Z 01 Sep 2017 
 CAPE: 0.00
Precipitable water [mm]: 15.29
 12Z 01 Sep 2017 
 CAPE: 0.00
Precipitable water [mm]: 15.42
 00Z 02 Sep 2017 
 CAPE: 0.00
Precipitable water [mm]: 14.65
 12Z 02 Sep 2017 
 CAPE: 1045.17
Precipitable water [mm]: 31.12
 00Z 03 Sep 2017 
 CAPE: 89.93
Precipitable water [mm]: 34.40
 12Z 03 Sep 2017 
 CAPE: 459.45
Precipitable water [mm]: 37.69
 00Z 04 Sep 2017 
 CAPE: 180.91
Precipitable water [mm]: 31.48
 12Z 04 Sep 2017 
 CAPE: 1008.99
Precipitable water [mm]: 30.39
 00Z 05 Sep 2017 
 CAPE: 733.99
Precipitable water [mm]: 31.78
 12Z 05 Sep 2017 
 CAPE: 463.30
Precipitable water [mm]: 30.60
 00Z 06 Sep 2017 
 CAPE: 21.22
Precipitable water [mm]: 21.00
 12Z 06 Sep 2017 
 CAPE: 0.00
Precipitable water [mm]: 20.02
 00Z 07 Sep 2017 
 CAPE: 6.71
Precipitable water [mm]: 20.67
 12Z 07 Sep 2017 
 CAPE: 61.68
Precipitable water [mm]: 23.26
 00Z 08 Sep 2017 
 CAPE: 162.64
Precipitable water [mm]: 25.30
 12Z 08 Sep 2017 
 CAPE: 117.92
Precipitable water [mm]: 31.96
 12Z 09 Sep 2017 
 CAPE: 54.46
Precipitable water [mm]: 40.74
 00Z 10 Sep 2017 
 CAPE: 176.03
Precipitable water [mm]: 32.64
 12Z 10 Sep 2017 
 CAPE: 369.58
Precipitable water [mm]: 35.35
 00Z 11 Sep 2017 
 CAPE: 49.36
Precipitable water [mm]: 29.73
 12Z 11 Sep 2017 
 CAPE: 0.04
Precipitable water [mm]: 27.10
 00Z 12 Sep 2017 
 CAPE: 142.59
Precipitable water [mm]: 30.46
 12Z 12 Sep 2017 
 CAPE: 58.60
Precipitable water [mm]: 27.99
 00Z 13 Sep 2017 
 CAPE: 33.96
Precipitable water [mm]: 21.74
 12Z 13 Sep 2017 
 CAPE: 72.07
Precipitable water [mm]: 27.58
 00Z 14 Sep 2017 
 CAPE: 233.01
Precipitable water [mm]: 31.14
 12Z 14 Sep 2017 
 CAPE: 564.21
Precipitable water [mm]: 32.67
 00Z 15 Sep 2017 
 CAPE: 115.58
Precipitable water [mm]: 25.91
 12Z 15 Sep 2017 
 CAPE: 362.65
Precipitable water [mm]: 26.41
 00Z 16 Sep 2017 
 CAPE: 228.40
Precipitable water [mm]: 25.12
 12Z 16 Sep 2017 
 CAPE: 680.73
Precipitable water [mm]: 26.07
 00Z 17 Sep 2017 
 CAPE: 329.61
Precipitable water [mm]: 25.52
 12Z 17 Sep 2017 
 CAPE: 482.11
Precipitable water [mm]: 23.88
 00Z 18 Sep 2017 
 CAPE: 0.00
Precipitable water [mm]: 17.24
 12Z 18 Sep 2017 
 CAPE: 0.00
Precipitable water [mm]: 23.07
 00Z 19 Sep 2017 
 CAPE: 0.00
Precipitable water [mm]: 17.00
 12Z 19 Sep 2017 
 CAPE: 431.69
Precipitable water [mm]: 23.87
 00Z 20 Sep 2017 
 CAPE: 24.84
Precipitable water [mm]: 23.56
 12Z 20 Sep 2017 
 CAPE: 270.30
Precipitable water [mm]: 21.20
 00Z 21 Sep 2017 
 CAPE: 24.22
Precipitable water [mm]: 21.70
 12Z 21 Sep 2017 
 CAPE: 0.00
Precipitable water [mm]: 22.51
 00Z 22 Sep 2017 
 CAPE: 0.00
Precipitable water [mm]: 20.59
 12Z 22 Sep 2017 
 CAPE: 0.00
Precipitable water [mm]: 27.46
 00Z 23 Sep 2017 
 CAPE: 0.00
Precipitable water [mm]: 24.18
 12Z 23 Sep 2017 
 CAPE: 0.00
Precipitable water [mm]: 25.33
 00Z 24 Sep 2017 
 CAPE: 0.00
Precipitable water [mm]: 10.86
 12Z 24 Sep 2017 
 CAPE: 0.00
Precipitable water [mm]: 10.42
 00Z 25 Sep 2017 
 CAPE: 0.00
Precipitable water [mm]: 8.71
 12Z 25 Sep 2017 
 CAPE: 0.00
Precipitable water [mm]: 8.85
 00Z 26 Sep 2017 
 CAPE: 0.00
Precipitable water [mm]: 7.26
 12Z 26 Sep 2017 
 CAPE: 0.00
Precipitable water [mm]: 9.10
 00Z 27 Sep 2017 
 CAPE: 0.00
Precipitable water [mm]: 11.28
 12Z 27 Sep 2017 
 CAPE: 0.00
Precipitable water [mm]: 12.02
 00Z 28 Sep 2017 
 CAPE: 0.00
Precipitable water [mm]: 12.39
 12Z 28 Sep 2017 
 CAPE: 0.00
Precipitable water [mm]: 11.52
 00Z 29 Sep 2017 
 CAPE: 0.00
Precipitable water [mm]: 17.60
 12Z 29 Sep 2017 
 CAPE: 0.00
Precipitable water [mm]: 21.26
 00Z 30 Sep 2017 
 CAPE: 81.64
Precipitable water [mm]: 21.23
 12Z 30 Sep 2017 
 CAPE: 0.00
Precipitable water [mm]: 20.76
 00Z 01 Oct 2017 
 CAPE: 0.00
Precipitable water [mm]: 15.47
 12Z 01 Oct 2017 
 CAPE: 0.00
Precipitable water [mm]: 11.60
 00Z 02 Oct 2017 
 CAPE: 0.00
Precipitable water [mm]: 9.93
 12Z 02 Oct 2017 
 CAPE: 0.00
Precipitable water [mm]: 11.50
 00Z 04 Oct 2017 
 CAPE: 0.00
Precipitable water [mm]: 15.61
 12Z 04 Oct 2017 
 CAPE: 0.00
Precipitable water [mm]: 23.42
 00Z 05 Oct 2017 
 CAPE: 1.74
Precipitable water [mm]: 32.14
 12Z 05 Oct 2017 
 CAPE: 0.00
Precipitable water [mm]: 32.18
 00Z 06 Oct 2017 
 CAPE: 0.00
Precipitable water [mm]: 27.79
 12Z 06 Oct 2017 
 CAPE: 0.00
Precipitable water [mm]: 28.28
 00Z 07 Oct 2017 
 CAPE: 0.00
Precipitable water [mm]: 4.93
 12Z 07 Oct 2017 
 CAPE: 0.00
Precipitable water [mm]: 5.23
 00Z 08 Oct 2017 
 CAPE: 0.00
Precipitable water [mm]: 3.83
 12Z 08 Oct 2017 
 CAPE: 0.00
Precipitable water [mm]: 4.49
 00Z 09 Oct 2017 
 CAPE: 0.00
Precipitable water [mm]: 6.48
 12Z 09 Oct 2017 
 CAPE: 0.00
Precipitable water [mm]: 12.35
 00Z 10 Oct 2017 
 CAPE: 0.00
Precipitable water [mm]: 12.80
 12Z 10 Oct 2017 
 CAPE: 0.00
Precipitable water [mm]: 11.80
 00Z 11 Oct 2017 
 CAPE: 0.00
Precipitable water [mm]: 13.10
 12Z 11 Oct 2017 
 CAPE: 0.00
Precipitable water [mm]: 12.91
 00Z 12 Oct 2017 
 CAPE: 2.73
Precipitable water [mm]: 21.20
 12Z 12 Oct 2017 
 CAPE: 0.00
Precipitable water [mm]: 19.65
 00Z 13 Oct 2017 
 CAPE: 0.00
Precipitable water [mm]: 21.74
 12Z 13 Oct 2017 
 CAPE: 0.00
Precipitable water [mm]: 18.91
 00Z 14 Oct 2017 
 CAPE: 0.00
Precipitable water [mm]: 19.21
 12Z 14 Oct 2017 
 CAPE: 0.00
Precipitable water [mm]: 17.10
 00Z 15 Oct 2017 
 CAPE: 0.00
Precipitable water [mm]: 12.04
 12Z 15 Oct 2017 
 CAPE: 0.00
Precipitable water [mm]: 12.90
 00Z 16 Oct 2017 
 CAPE: 0.00
Precipitable water [mm]: 15.06
 12Z 16 Oct 2017 
 CAPE: 0.00
Precipitable water [mm]: 12.93
 00Z 17 Oct 2017 
 CAPE: 0.00
Precipitable water [mm]: 19.43
 12Z 17 Oct 2017 
 CAPE: 0.00
Precipitable water [mm]: 23.83
 00Z 18 Oct 2017 
 CAPE: 0.66
Precipitable water [mm]: 25.30
 12Z 18 Oct 2017 
 CAPE: 0.00
Precipitable water [mm]: 21.15
 00Z 19 Oct 2017 
 CAPE: 0.00
Precipitable water [mm]: 20.48
 12Z 19 Oct 2017 
 CAPE: 0.00
Precipitable water [mm]: 20.19
 00Z 20 Oct 2017 
 CAPE: 46.60
Precipitable water [mm]: 17.37
 12Z 20 Oct 2017 
 CAPE: 0.00
Precipitable water [mm]: 14.90
 00Z 21 Oct 2017 
 CAPE: 0.00
Precipitable water [mm]: 15.27
 12Z 21 Oct 2017 
 CAPE: 0.00
Precipitable water [mm]: 16.03
 00Z 22 Oct 2017 
 CAPE: 0.00
Precipitable water [mm]: 13.02
 12Z 22 Oct 2017 
 CAPE: 0.00
Precipitable water [mm]: 11.83
 00Z 23 Oct 2017 
 CAPE: 0.00
Precipitable water [mm]: 10.84
 12Z 23 Oct 2017 
 CAPE: 0.00
Precipitable water [mm]: 7.98
 00Z 24 Oct 2017 
 CAPE: 0.00
Precipitable water [mm]: 6.75
 12Z 24 Oct 2017 
 CAPE: 0.00
Precipitable water [mm]: 10.69
 00Z 25 Oct 2017 
 CAPE: 0.00
Precipitable water [mm]: 10.68
 12Z 25 Oct 2017 
 CAPE: 0.00
Precipitable water [mm]: 11.50
 00Z 26 Oct 2017 
 CAPE: 0.00
Precipitable water [mm]: 12.25
 12Z 26 Oct 2017 
 CAPE: 0.00
Precipitable water [mm]: 10.07
 00Z 27 Oct 2017 
 CAPE: 0.00
Precipitable water [mm]: 10.00
 12Z 27 Oct 2017 
 CAPE: 0.00
Precipitable water [mm]: 9.87
 00Z 28 Oct 2017 
 CAPE: 0.00
Precipitable water [mm]: 8.81
 12Z 28 Oct 2017 
 CAPE: 0.00
Precipitable water [mm]: 12.58
 00Z 29 Oct 2017 
 CAPE: 0.00
Precipitable water [mm]: 12.77
 12Z 29 Oct 2017 
 CAPE: 0.00
Precipitable water [mm]: 11.80
 00Z 30 Oct 2017 
 CAPE: 0.00
Precipitable water [mm]: 10.50
 12Z 30 Oct 2017 
 CAPE: 0.00
Precipitable water [mm]: 15.06
 00Z 31 Oct 2017 
 CAPE: 42.92
Precipitable water [mm]: 15.52
 12Z 31 Oct 2017 
 CAPE: 0.00
Precipitable water [mm]: 13.09
 00Z 01 Nov 2017 
 CAPE: 0.00
Precipitable water [mm]: 16.85
 12Z 01 Nov 2017 
 CAPE: 0.00
Precipitable water [mm]: 21.61
 00Z 02 Nov 2017 
 CAPE: 0.00
Precipitable water [mm]: 11.63
 12Z 02 Nov 2017 
 CAPE: 0.00
Precipitable water [mm]: 14.67
 00Z 03 Nov 2017 
 CAPE: 0.00
Precipitable water [mm]: 15.23
 12Z 03 Nov 2017 
 CAPE: 0.00
Precipitable water [mm]: 16.88
 00Z 04 Nov 2017 
 CAPE: 0.00
Precipitable water [mm]: 17.11
 12Z 04 Nov 2017 
 CAPE: 0.00
Precipitable water [mm]: 20.83
 00Z 05 Nov 2017 
 CAPE: 0.00
Precipitable water [mm]: 22.30
 12Z 05 Nov 2017 
 CAPE: 0.00
Precipitable water [mm]: 23.86
 00Z 06 Nov 2017 
 CAPE: 0.00
Precipitable water [mm]: 18.85
 12Z 06 Nov 2017 
 CAPE: 0.00
Precipitable water [mm]: 17.09
 00Z 07 Nov 2017 
 CAPE: 0.00
Precipitable water [mm]: 17.91
 12Z 07 Nov 2017 
 CAPE: 0.00
Precipitable water [mm]: 24.26
 00Z 08 Nov 2017 
 CAPE: 13.65
Precipitable water [mm]: 25.36
 12Z 08 Nov 2017 
 CAPE: 44.88
Precipitable water [mm]: 19.87
 00Z 09 Nov 2017 
 CAPE: 0.00
Precipitable water [mm]: 16.42
 12Z 09 Nov 2017 
 CAPE: 0.00
Precipitable water [mm]: 18.66
 00Z 10 Nov 2017 
 CAPE: 0.00
Precipitable water [mm]: 14.55
 12Z 10 Nov 2017 
 CAPE: 0.00
Precipitable water [mm]: 14.64
 00Z 11 Nov 2017 
 CAPE: 0.00
Precipitable water [mm]: 16.75
 12Z 11 Nov 2017 
 CAPE: 0.00
Precipitable water [mm]: 14.83
 00Z 12 Nov 2017 
 CAPE: 0.00
Precipitable water [mm]: 13.33
 12Z 12 Nov 2017 
 CAPE: 0.00
Precipitable water [mm]: 14.44
 00Z 13 Nov 2017 
 CAPE: 0.00
Precipitable water [mm]: 12.46
 12Z 13 Nov 2017 
 CAPE: 0.00
Precipitable water [mm]: 13.51
 00Z 14 Nov 2017 
 CAPE: 0.00
Precipitable water [mm]: 16.16
 12Z 14 Nov 2017 
 CAPE: 0.00
Precipitable water [mm]: 13.35
 00Z 15 Nov 2017 
 CAPE: 0.00
Precipitable water [mm]: 9.66
 12Z 15 Nov 2017 
 CAPE: 0.00
Precipitable water [mm]: 10.42
 00Z 16 Nov 2017 
 CAPE: 0.00
Precipitable water [mm]: 11.07
 12Z 16 Nov 2017 
 CAPE: 0.00
Precipitable water [mm]: 15.06
 00Z 17 Nov 2017 
 CAPE: 0.00
Precipitable water [mm]: 12.83
 12Z 17 Nov 2017 
 CAPE: 0.00
Precipitable water [mm]: 11.99
 00Z 18 Nov 2017 
 CAPE: 0.00
Precipitable water [mm]: 12.88
 12Z 18 Nov 2017 
 CAPE: 0.00
Precipitable water [mm]: 16.25
 00Z 19 Nov 2017 
 CAPE: 0.00
Precipitable water [mm]: 8.05
 12Z 19 Nov 2017 
 CAPE: 0.00
Precipitable water [mm]: 8.55
 00Z 20 Nov 2017 
 CAPE: 0.00
Precipitable water [mm]: 6.80
 12Z 20 Nov 2017 
 CAPE: 0.00
Precipitable water [mm]: 6.60
 00Z 21 Nov 2017 
 CAPE: 0.00
Precipitable water [mm]: 10.25
 12Z 21 Nov 2017 
 CAPE: 0.00
Precipitable water [mm]: 13.27
 00Z 22 Nov 2017 
 CAPE: 0.00
Precipitable water [mm]: 14.88
 12Z 22 Nov 2017 
 CAPE: 0.00
Precipitable water [mm]: 11.60
 00Z 23 Nov 2017 
 CAPE: 0.00
Precipitable water [mm]: 10.46
 12Z 23 Nov 2017 
 CAPE: 0.00
Precipitable water [mm]: 7.93
 00Z 24 Nov 2017 
 CAPE: 0.00
Precipitable water [mm]: 7.26
 12Z 24 Nov 2017 
 CAPE: 0.00
Precipitable water [mm]: 8.60
 00Z 25 Nov 2017 
 CAPE: 0.00
Precipitable water [mm]: 11.81
 12Z 25 Nov 2017 
 CAPE: 0.00
Precipitable water [mm]: 11.81
 00Z 26 Nov 2017 
 CAPE: 0.00
Precipitable water [mm]: 9.41
 12Z 26 Nov 2017 
 CAPE: 0.00
Precipitable water [mm]: 8.70
 00Z 27 Nov 2017 
 CAPE: 0.00
Precipitable water [mm]: 7.52
 12Z 27 Nov 2017 
 CAPE: 0.00
Precipitable water [mm]: 8.25
 00Z 28 Nov 2017 
 CAPE: 0.00
Precipitable water [mm]: 10.02
 12Z 28 Nov 2017 
 CAPE: 0.00
Precipitable water [mm]: 7.51
 00Z 29 Nov 2017 
 CAPE: 0.00
Precipitable water [mm]: 7.02
 12Z 29 Nov 2017 
 CAPE: 0.00
Precipitable water [mm]: 9.82
 00Z 30 Nov 2017 
 CAPE: 0.00
Precipitable water [mm]: 13.76
 12Z 30 Nov 2017 
 CAPE: 0.00
Precipitable water [mm]: 15.93
 00Z 01 Dec 2017 
 CAPE: 0.00
Precipitable water [mm]: 17.20
 12Z 01 Dec 2017 
 CAPE: 0.00
Precipitable water [mm]: 17.33
 00Z 02 Dec 2017 
 CAPE: 0.00
Precipitable water [mm]: 18.41
 12Z 02 Dec 2017 
 CAPE: 0.00
Precipitable water [mm]: 18.10
 00Z 03 Dec 2017 
 CAPE: 0.00
Precipitable water [mm]: 18.68
 12Z 03 Dec 2017 
 CAPE: 0.00
Precipitable water [mm]: 17.93
 00Z 04 Dec 2017 
 CAPE: 0.00
Precipitable water [mm]: 15.52
 12Z 04 Dec 2017 
 CAPE: 0.00
Precipitable water [mm]: 16.52
 00Z 05 Dec 2017 
 CAPE: 0.00
Precipitable water [mm]: 14.82
 12Z 05 Dec 2017 
 CAPE: 0.00
Precipitable water [mm]: 19.76
 00Z 06 Dec 2017 
 CAPE: 0.00
Precipitable water [mm]: 19.73
 12Z 06 Dec 2017 
 CAPE: 0.00
Precipitable water [mm]: 15.96
 00Z 07 Dec 2017 
 CAPE: 3.27
Precipitable water [mm]: 13.61
 12Z 07 Dec 2017 
 CAPE: 0.00
Precipitable water [mm]: 7.68
 00Z 08 Dec 2017 
 CAPE: 0.00
Precipitable water [mm]: 2.91
 12Z 08 Dec 2017 
 CAPE: 0.00
Precipitable water [mm]: 5.43
 00Z 09 Dec 2017 
 CAPE: 0.00
Precipitable water [mm]: 6.61
 12Z 09 Dec 2017 
 CAPE: 0.00
Precipitable water [mm]: 6.11
 00Z 10 Dec 2017 
 CAPE: 0.00
Precipitable water [mm]: 5.50
 12Z 10 Dec 2017 
 CAPE: 0.00
Precipitable water [mm]: 4.74
 00Z 11 Dec 2017 
 CAPE: 0.00
Precipitable water [mm]: 4.86
 12Z 11 Dec 2017 
 CAPE: 0.00
Precipitable water [mm]: 6.02
 00Z 12 Dec 2017 
 CAPE: 0.00
Precipitable water [mm]: 6.30
 12Z 12 Dec 2017 
 CAPE: 0.00
Precipitable water [mm]: 7.34
 00Z 13 Dec 2017 
 CAPE: 0.00
Precipitable water [mm]: 8.21
 12Z 13 Dec 2017 
 CAPE: 0.00
Precipitable water [mm]: 11.41
 00Z 14 Dec 2017 
 CAPE: 0.00
Precipitable water [mm]: 10.84
 12Z 14 Dec 2017 
 CAPE: 0.00
Precipitable water [mm]: 11.24
 00Z 15 Dec 2017 
 CAPE: 0.00
Precipitable water [mm]: 7.63
 12Z 15 Dec 2017 
 CAPE: 0.00
Precipitable water [mm]: 7.08
 00Z 16 Dec 2017 
 CAPE: 0.00
Precipitable water [mm]: 5.15
 12Z 16 Dec 2017 
 CAPE: 0.00
Precipitable water [mm]: 4.37
 00Z 17 Dec 2017 
 CAPE: 0.00
Precipitable water [mm]: 8.00
 12Z 17 Dec 2017 
 CAPE: 0.00
Precipitable water [mm]: 13.34
 00Z 18 Dec 2017 
 CAPE: 14.17
Precipitable water [mm]: 16.65
 12Z 18 Dec 2017 
 CAPE: 0.00
Precipitable water [mm]: 15.52
 00Z 19 Dec 2017 
 CAPE: 1.82
Precipitable water [mm]: 16.27
 12Z 19 Dec 2017 
 CAPE: 0.00
Precipitable water [mm]: 13.14
 00Z 20 Dec 2017 
 CAPE: 0.00
Precipitable water [mm]: 10.03
 12Z 20 Dec 2017 
 CAPE: 0.00
Precipitable water [mm]: 9.54
 00Z 21 Dec 2017 
 CAPE: 0.00
Precipitable water [mm]: 8.73
 12Z 21 Dec 2017 
 CAPE: 0.00
Precipitable water [mm]: 9.69
 00Z 22 Dec 2017 
 CAPE: 0.00
Precipitable water [mm]: 4.01
 12Z 22 Dec 2017 
 CAPE: 0.00
Precipitable water [mm]: 4.09
 00Z 23 Dec 2017 
 CAPE: 0.00
Precipitable water [mm]: 6.23
 12Z 23 Dec 2017 
 CAPE: 0.00
Precipitable water [mm]: 8.06
 00Z 24 Dec 2017 
 CAPE: 0.00
Precipitable water [mm]: 9.49
 12Z 24 Dec 2017 
 CAPE: 0.00
Precipitable water [mm]: 8.59
 00Z 25 Dec 2017 
 CAPE: 0.00
Precipitable water [mm]: 6.83
 12Z 25 Dec 2017 
 CAPE: 0.00
Precipitable water [mm]: 8.58
 00Z 26 Dec 2017 
 CAPE: 0.00
Precipitable water [mm]: 5.83
 12Z 26 Dec 2017 
 CAPE: 0.00
Precipitable water [mm]: 4.14
 00Z 27 Dec 2017 
 CAPE: 0.00
Precipitable water [mm]: 7.28
 12Z 27 Dec 2017 
 CAPE: 0.00
Precipitable water [mm]: 11.10
 00Z 28 Dec 2017 
 CAPE: 0.00
Precipitable water [mm]: 9.52
 12Z 28 Dec 2017 
 CAPE: 0.00
Precipitable water [mm]: 5.70
 00Z 29 Dec 2017 
 CAPE: 0.00
Precipitable water [mm]: 5.51
 12Z 29 Dec 2017 
 CAPE: 0.00
Precipitable water [mm]: 4.86
 00Z 30 Dec 2017 
 CAPE: 0.00
Precipitable water [mm]: 4.95
 12Z 30 Dec 2017 
 CAPE: 0.00
Precipitable water [mm]: 5.11
 00Z 31 Dec 2017 
 CAPE: 0.00
Precipitable water [mm]: 5.50
 12Z 31 Dec 2017 
 CAPE: 0.00
Precipitable water [mm]: 8.41
